company,sector,ipo_price,issue_size_cr,qib_subscription,nii_subscription,retail_subscription,total_subscription,listing_price,current_price
Alpha Technologies,Technology,120,1800,22.4,35.8,8.7,18.6,156,182
Bharat Finance,Financial Services,85,950,15.2,28.4,12.6,17.9,102,118
CureLife Healthcare,Healthcare,140,1250,18.7,31.5,9.8,19.2,168,195
Delta Manufacturing,Manufacturing,95,720,9.4,16.8,6.2,10.8,101,112
Evolve Consumer,Consumer,110,2100,25.6,42.3,15.4,27.1,145,161
Future Energy,Energy,150,3200,31.8,48.7,11.2,29.5,192,225
Global Infra,Infrastructure,75,1500,14.8,22.6,8.4,15.7,91,104
Horizon Software,Technology,200,2800,35.2,51.4,18.7,34.6,260,318
Indus Bank,Financial Services,130,2400,28.5,44.6,14.9,27.8,156,174
Jupiter Pharma,Healthcare,160,1900,21.7,37.9,10.5,22.4,184,219
Kinetic Auto,Automobile,125,1650,19.3,29.8,9.2,18.3,139,151
Lotus Retail,Consumer,90,850,11.6,21.4,7.8,13.9,108,121
Metro Digital,Technology,105,1350,26.8,39.5,13.7,25.1,142,176
Nova Chemicals,Chemicals,180,2750,23.5,36.2,10.8,21.9,198,214
Omega Logistics,Logistics,70,680,8.7,15.6,5.9,10.1,78,92
Prime Insurance,Financial Services,115,1100,17.9,27.5,11.6,17.4,128,146
Quantum Electronics,Technology,155,2300,32.1,46.8,16.2,30.4,201,248
Reliant Engineering,Manufacturing,100,900,12.5,20.7,7.4,13.6,94,108
Sunrise Foods,Consumer,65,600,7.8,14.9,6.1,9.8,72,83
Trident Power,Energy,135,1850,24.7,38.6,12.8,23.7,158,189
United Mobility,Automobile,145,2600,27.3,41.2,13.5,26.4,171,204
Vertex Healthcare,Healthcare,125,1450,20.1,34.7,9.4,20.6,143,167
Wave Communications,Telecom,80,1750,16.4,26.9,8.8,16.1,88,97
Xcel Financial,Financial Services,155,3100,34.5,52.7,17.3,32.8,184,221
Yuva Retail,Consumer,100,780,10.2,18.5,7.1,12.4,107,119
Zenith Infrastructure,Infrastructure,90,1200,13.7,24.8,9.6,15.8,97,113
Apex Renewables,Energy,115,2200,29.6,43.5,14.7,27.2,151,183
BlueChip Software,Technology,175,3400,38.2,56.4,21.5,37.9,238,301
Core Diagnostics,Healthcare,130,980,15.8,28.7,8.9,17.3,137,159
Dynamic Ports,Infrastructure,105,1600,18.9,31.6,10.7,19.4,119,136
Elite Motors,Automobile,190,3600,36.5,49.8,16.8,31.7,228,265
Fusion Textiles,Manufacturing,85,540,6.9,12.8,5.4,8.6,81,89
GreenGrid Power,Energy,125,1950,26.4,40.9,12.1,24.6,148,177
Heritage Finance,Financial Services,95,870,14.6,25.3,10.2,16.1,111,129
Innovate Systems,Technology,145,1700,30.7,45.1,15.6,28.9,189,231
Jade Pharma,Healthcare,115,1300,19.5,33.2,11.3,21.1,128,152
Karma Consumer,Consumer,75,720,9.8,17.4,6.7,11.7,82,96
Lumina Electronics,Technology,125,2050,27.9,42.6,14.3,26.8,158,193
Maxwell Engineering,Manufacturing,135,1500,17.3,29.1,8.5,16.8,149,171
Nexus Logistics,Logistics,100,920,12.2,22.8,7.9,14.2,111,127
Orion Finance,Financial Services,180,2900,31.5,47.2,15.8,29.7,207,246
Pioneer Energy,Energy,105,1150,21.3,34.9,11.7,21.8,132,156
Royal Healthcare,Healthcare,150,2250,24.8,39.7,13.2,25.3,174,206
Stellar Telecom,Telecom,95,1400,13.9,23.7,8.1,14.9,101,116
Titan Manufacturing,Manufacturing,160,2500,22.6,35.4,10.9,21.3,172,194
Unity Consumer,Consumer,120,1050,16.5,27.9,9.3,17.2,132,149
Vantage Technology,Technology,135,2650,33.8,50.1,19.4,33.7,179,229
Western Infra,Infrastructure,80,980,11.3,19.7,7.5,13.2,86,101
Xpress Mobility,Automobile,110,1800,23.7,36.8,12.6,22.9,126,153
Yellow Foods,Consumer,85,690,8.6,16.2,6.4,10.5,91,102
Zen Technologies,Technology,150,3000,36.7,54.2,20.1,36.1,198,267
